"EnsID.y","EnsID","pairs","loopMethod","EnsName.x","GeneClassUpdate.x","EnsName.y","GeneClassUpdate.y","Lnc_Cluster","PCG_Cluster","Lnc_Timeframe","PCG_Timeframe","AbsDistLnc_PCG","DistLnc_PCG","str.x","str.y","LncRNA.PCG.Relationship","pair_range","pair_range_bin","pairs_merge","EnsID_merge","Thyroid_Locus_Up4","Brain_Hypothalamus_Locus_Up8","Lung_Locus_Up8","Artery_Aorta_Locus_Down24","Heart_Atrial_Appendage_Locus_Down24","Lung_Locus_Down24","Skin_Not_Sun_Exposed_Suprapubic_Locus_Down24","Artery_Aorta_Locus_Up4Del","Testis_Locus_Up4Del","Adipose_Subcutaneous_Promoter_Up4Del","Artery_Aorta_Promoter_Up4Del","Artery_Tibial_Promoter_Up4Del","Cells_Cultured_fibroblasts_Promoter_Up4Del","Esophagus_Mucosa_Promoter_Up4Del","Muscle_Skeletal_Promoter_Up4Del","Testis_Promoter_Up4Del","Testis_Exon_Down4","Lung_Exon_Down24","Skin_Not_Sun_Exposed_Suprapubic_Exon_Down24","Pituitary_Exon_Up4Del","Spleen_Exon_Up4Del","Testis_Exon_Up4Del","Skin_Not_Sun_Exposed_Suprapubic_Intron_Up4","Skin_Sun_Exposed_Lower_leg_Intron_Up4","Thyroid_Intron_Up4","Brain_Hypothalamus_Intron_Up8","Artery_Aorta_Intron_Down24","Heart_Atrial_Appendage_Intron_Down24","Lung_Intron_Down24","Skin_Not_Sun_Exposed_Suprapubic_Intron_Down24","Colon_Sigmoid_TTS_Up4","Artery_Tibial_TTS_Up8","Skin_Not_Sun_Exposed_Suprapubic_TTS_Up4Del","Testis_TTS_Up4Del","Thyroid_TTS_Up4Del","SMC_biobank_Locus_Up24","SMC_biobank_Locus_Up4Del","SMC_biobank_Promoter_Up4Del","SMC_biobank_Exon_Up4Del","eQTLvalidations","lncNames","pairsNice","CClncRNA_Type","PairType"
"ENSG00000010818.9","MSTRG.28277","MSTRG.28277-ENSG00000010818.9","Both",NA,"Bona fide lncRNA","HIVEP2","TF","Induced <4hrs","Induced <4hrs","<4hrs","<4hrs",0.114,0.114,"+","-","Bidirectional",205928,"200-300kbp","MSTRG.28277-ENSG00000010818","ENSG00000010818",TRUE,FALSE,FALSE,FALSE,FALSE,FALSE,FALSE,FALSE,FALSE,FALSE,FALSE,FALSE,FALSE,FALSE,FALSE,FALSE,FALSE,FALSE,FALSE,FALSE,FALSE,FALSE,FALSE,FALSE,TRUE,FALSE,FALSE,FALSE,FALSE,FALSE,FALSE,FALSE,FALSE,FALSE,FALSE,FALSE,FALSE,FALSE,FALSE,2,"MSTRG.28277","MSTRG.28277-HIVEP2","Induced 0-4hr","Same timeframe"
"ENSG00000041802.10","MSTRG.23674","MSTRG.23674-ENSG00000041802.10","Neither",NA,"Bona fide lncRNA","LSG1","Protein coding","Induced <4hrs","Induced <4hrs","<4hrs","<4hrs",185.128,-185.128,"+","-","Intergenic",187373,"100-200kbp","MSTRG.23674-ENSG00000041802","ENSG00000041802",FALSE,FALSE,FALSE,FALSE,FALSE,FALSE,FALSE,FALSE,FALSE,FALSE,FALSE,FALSE,FALSE,FALSE,FALSE,FALSE,FALSE,FALSE,FALSE,FALSE,FALSE,FALSE,TRUE,FALSE,FALSE,FALSE,FALSE,FALSE,FALSE,FALSE,FALSE,FALSE,FALSE,FALSE,FALSE,FALSE,FALSE,FALSE,FALSE,1,"MSTRG.23674","MSTRG.23674-LSG1","Induced 0-4hr","Same timeframe"
"ENSG00000056558.10","ENSG00000226752.9","ENSG00000226752.9-ENSG00000056558.10","Neither","PSMD5-AS1","Bona fide lncRNA","TRAF1","Protein coding","Repressed <4hrs","Induced <4hrs","<4hrs","<4hrs",82.44,-82.44,"+","-","Intergenic",88099,"50-100kbp","ENSG00000226752.9-ENSG00000056558","ENSG00000056558",FALSE,FALSE,FALSE,FALSE,FALSE,FALSE,FALSE,FALSE,FALSE,FALSE,FALSE,FALSE,FALSE,FALSE,FALSE,FALSE,TRUE,FALSE,FALSE,FALSE,FALSE,FALSE,FALSE,FALSE,FALSE,FALSE,FALSE,FALSE,FALSE,FALSE,FALSE,FALSE,FALSE,FALSE,FALSE,FALSE,FALSE,FALSE,FALSE,1,"PSMD5-AS1","PSMD5-AS1-TRAF1","Repressed 0-4hr","Same timeframe"
"ENSG00000057019.15","ENSG00000240476.1","ENSG00000240476.1-ENSG00000057019.15","Both","LINC00973","Bona fide lncRNA","DCBLD2","Protein coding","Induced <4hrs","Induced 4-8hrs","<4hrs","4-8hrs",79.347,79.347,"+","-","Intergenic",203006,"200-300kbp","ENSG00000240476.1-ENSG00000057019","ENSG00000057019",FALSE,FALSE,FALSE,FALSE,FALSE,FALSE,FALSE,TRUE,FALSE,TRUE,TRUE,TRUE,TRUE,TRUE,TRUE,FALSE,FALSE,FALSE,FALSE,TRUE,FALSE,FALSE,FALSE,FALSE,FALSE,FALSE,FALSE,FALSE,FALSE,FALSE,FALSE,FALSE,TRUE,FALSE,TRUE,FALSE,TRUE,TRUE,TRUE,13,"LINC00973","LINC00973-DCBLD2","Induced 0-4hr","Later timeframe"
"ENSG00000076662.9","MSTRG.16057","MSTRG.16057-ENSG00000076662.9","Neither",NA,"Bona fide lncRNA","ICAM3","Protein coding","Induced <4hrs","Induced 4-8hrs","<4hrs","4-8hrs",144.689,144.689,"-","-","Intergenic",150737,"100-200kbp","MSTRG.16057-ENSG00000076662","ENSG00000076662",FALSE,FALSE,FALSE,FALSE,FALSE,FALSE,FALSE,FALSE,TRUE,FALSE,FALSE,FALSE,FALSE,FALSE,FALSE,FALSE,FALSE,FALSE,FALSE,FALSE,FALSE,FALSE,FALSE,FALSE,FALSE,FALSE,FALSE,FALSE,FALSE,FALSE,FALSE,FALSE,FALSE,FALSE,FALSE,FALSE,TRUE,FALSE,TRUE,3,"MSTRG.16057","MSTRG.16057-ICAM3","Induced 0-4hr","Later timeframe"
"ENSG00000084636.17","ENSG00000203620.2","ENSG00000203620.2-ENSG00000084636.17","Neither","RP11-84A19.2","Bona fide lncRNA","COL16A1","Protein coding","Induced <4hrs","Induced 4-8hrs","<4hrs","4-8hrs",150.778,150.778,"-","-","Intergenic",203322,"200-300kbp","ENSG00000203620.2-ENSG00000084636","ENSG00000084636",FALSE,FALSE,FALSE,FALSE,FALSE,FALSE,FALSE,FALSE,TRUE,FALSE,FALSE,FALSE,FALSE,FALSE,FALSE,FALSE,FALSE,FALSE,FALSE,FALSE,FALSE,FALSE,FALSE,FALSE,FALSE,FALSE,FALSE,FALSE,FALSE,FALSE,FALSE,FALSE,FALSE,FALSE,FALSE,FALSE,TRUE,TRUE,FALSE,3,"RP11-84A19.2","RP11-84A19.2-COL16A1","Induced 0-4hr","Later timeframe"
"ENSG00000087263.16","ENSG00000260823.1","ENSG00000260823.1-ENSG00000087263.16","Neither","RP11-249C24.10","Bona fide lncRNA","OGFOD1","Protein coding","Induced <4hrs","Induced 4-8hrs","<4hrs","4-8hrs",159.813,159.813,"-","+","Intergenic",161886,"100-200kbp","ENSG00000260823.1-ENSG00000087263","ENSG00000087263",FALSE,FALSE,FALSE,FALSE,FALSE,FALSE,FALSE,FALSE,FALSE,FALSE,FALSE,FALSE,FALSE,FALSE,FALSE,FALSE,FALSE,FALSE,FALSE,FALSE,FALSE,FALSE,FALSE,FALSE,FALSE,FALSE,FALSE,FALSE,FALSE,FALSE,FALSE,FALSE,FALSE,FALSE,FALSE,FALSE,TRUE,TRUE,FALSE,2,"RP11-249C24.10","RP11-249C24.10-OGFOD1","Induced 0-4hr","Later timeframe"
"ENSG00000091073.19","ENSG00000205485.13","ENSG00000205485.13-ENSG00000091073.19","FitHiC","AC004980.7","Bona fide lncRNA","DTX2","Protein coding","Induced <4hrs","Induced <4hrs","<4hrs","<4hrs",45.958,45.958,"+","+","Intergenic",168286,"100-200kbp","ENSG00000205485.13-ENSG00000091073","ENSG00000091073",TRUE,FALSE,FALSE,FALSE,FALSE,FALSE,FALSE,FALSE,FALSE,FALSE,FALSE,FALSE,FALSE,FALSE,FALSE,FALSE,FALSE,FALSE,FALSE,FALSE,FALSE,FALSE,TRUE,TRUE,TRUE,FALSE,FALSE,FALSE,FALSE,FALSE,FALSE,FALSE,FALSE,FALSE,FALSE,FALSE,FALSE,FALSE,FALSE,4,"AC004980.7","AC004980.7-DTX2","Induced 0-4hr","Same timeframe"
"ENSG00000100330.15","ENSG00000232530.1","ENSG00000232530.1-ENSG00000100330.15","Neither","RP1-102K2.6","Bona fide lncRNA","MTMR3","Protein coding","Induced <4hrs","Repressed <4hrs","<4hrs","<4hrs",221.11,221.11,"+","+","Intergenic",359384,"300-400kbp","ENSG00000232530.1-ENSG00000100330","ENSG00000100330",TRUE,FALSE,FALSE,FALSE,FALSE,FALSE,FALSE,FALSE,FALSE,FALSE,FALSE,FALSE,FALSE,FALSE,FALSE,FALSE,FALSE,FALSE,FALSE,FALSE,FALSE,FALSE,TRUE,TRUE,TRUE,FALSE,FALSE,FALSE,FALSE,FALSE,FALSE,FALSE,FALSE,FALSE,FALSE,FALSE,FALSE,FALSE,FALSE,4,"RP1-102K2.6","RP1-102K2.6-MTMR3","Induced 0-4hr","Same timeframe"
"ENSG00000103356.15","ENSG00000260136.5","ENSG00000260136.5-ENSG00000103356.15","Neither","CTD-2270L9.4","Bona fide lncRNA","EARS2","Protein coding","Induced 4-8hrs","Induced 4-8hrs","4-8hrs","4-8hrs",70.911,-70.911,"+","-","Intergenic",106642,"100-200kbp","ENSG00000260136.5-ENSG00000103356","ENSG00000103356",FALSE,TRUE,TRUE,FALSE,FALSE,FALSE,FALSE,FALSE,FALSE,FALSE,FALSE,FALSE,FALSE,FALSE,FALSE,FALSE,FALSE,FALSE,FALSE,FALSE,FALSE,FALSE,FALSE,FALSE,FALSE,TRUE,FALSE,FALSE,FALSE,FALSE,FALSE,TRUE,FALSE,FALSE,FALSE,FALSE,FALSE,FALSE,FALSE,4,"CTD-2270L9.4","CTD-2270L9.4-EARS2","Induced 4-8hr","Same timeframe"
"ENSG00000105397.13","MSTRG.16057","MSTRG.16057-ENSG00000105397.13","Neither",NA,"Bona fide lncRNA","TYK2","Protein coding","Induced <4hrs","Induced 4-8hrs","<4hrs","4-8hrs",103.836,103.836,"-","-","Intergenic",133980,"100-200kbp","MSTRG.16057-ENSG00000105397","ENSG00000105397",FALSE,FALSE,FALSE,FALSE,FALSE,FALSE,FALSE,FALSE,FALSE,FALSE,FALSE,FALSE,TRUE,FALSE,FALSE,FALSE,FALSE,FALSE,FALSE,FALSE,FALSE,FALSE,FALSE,FALSE,FALSE,FALSE,FALSE,FALSE,FALSE,FALSE,FALSE,FALSE,FALSE,FALSE,FALSE,FALSE,TRUE,TRUE,TRUE,4,"MSTRG.16057","MSTRG.16057-TYK2","Induced 0-4hr","Later timeframe"
"ENSG00000105486.13","ENSG00000268001.1","ENSG00000268001.1-ENSG00000105486.13","Neither","CARD8-AS1","Bona fide lncRNA","LIG1","CC","Induced 8-24hrs","Induced 8-24hrs","8-24hrs","8-24hrs",85.066,85.066,"+","-","Intergenic",142755,"100-200kbp","ENSG00000268001.1-ENSG00000105486","ENSG00000105486",FALSE,FALSE,FALSE,FALSE,FALSE,FALSE,FALSE,FALSE,FALSE,FALSE,FALSE,FALSE,FALSE,FALSE,FALSE,FALSE,FALSE,FALSE,FALSE,FALSE,FALSE,FALSE,FALSE,FALSE,FALSE,FALSE,FALSE,FALSE,FALSE,FALSE,FALSE,FALSE,FALSE,FALSE,FALSE,TRUE,FALSE,FALSE,FALSE,1,"CARD8-AS1","CARD8-AS1-LIG1","Induced 8-24hr","Same timeframe"
"ENSG00000105499.13","ENSG00000268001.1","ENSG00000268001.1-ENSG00000105499.13","Neither","CARD8-AS1","Bona fide lncRNA","PLA2G4C","Protein coding","Induced 8-24hrs","Induced 8-24hrs","8-24hrs","8-24hrs",144.856,144.856,"+","-","Intergenic",210356,"200-300kbp","ENSG00000268001.1-ENSG00000105499","ENSG00000105499",FALSE,FALSE,FALSE,FALSE,FALSE,FALSE,FALSE,FALSE,FALSE,FALSE,FALSE,FALSE,FALSE,FALSE,FALSE,FALSE,FALSE,FALSE,FALSE,FALSE,FALSE,FALSE,FALSE,FALSE,FALSE,FALSE,FALSE,FALSE,FALSE,FALSE,FALSE,FALSE,FALSE,FALSE,FALSE,TRUE,FALSE,FALSE,FALSE,1,"CARD8-AS1","CARD8-AS1-PLA2G4C","Induced 8-24hr","Same timeframe"
"ENSG00000105829.11","ENSG00000236453.5","ENSG00000236453.5-ENSG00000105829.11","Neither","AC003092.1","Bona fide lncRNA","BET1","Protein coding","Induced <4hrs","Induced 8-24hrs","<4hrs","8-24hrs",18.429,18.429,"+","-","Intergenic",74643,"50-100kbp","ENSG00000236453.5-ENSG00000105829","ENSG00000105829",FALSE,FALSE,FALSE,FALSE,FALSE,FALSE,FALSE,FALSE,FALSE,FALSE,FALSE,TRUE,TRUE,TRUE,TRUE,FALSE,FALSE,FALSE,FALSE,TRUE,FALSE,FALSE,FALSE,FALSE,FALSE,FALSE,FALSE,FALSE,FALSE,FALSE,FALSE,FALSE,FALSE,FALSE,FALSE,FALSE,TRUE,TRUE,FALSE,7,"AC003092.1","AC003092.1-BET1","Induced 0-4hr","Later timeframe"
"ENSG00000105889.14","ENSG00000232759.1","ENSG00000232759.1-ENSG00000105889.14","Neither","AC002480.3","Bona fide lncRNA","STEAP1B","Protein coding","Induced <4hrs","Induced 4-8hrs","<4hrs","4-8hrs",62.803,62.803,"+","-","Intergenic",154763,"100-200kbp","ENSG00000232759.1-ENSG00000105889","ENSG00000105889",FALSE,FALSE,FALSE,FALSE,FALSE,FALSE,FALSE,FALSE,FALSE,FALSE,FALSE,FALSE,TRUE,FALSE,FALSE,FALSE,FALSE,FALSE,FALSE,FALSE,FALSE,FALSE,FALSE,FALSE,FALSE,FALSE,FALSE,FALSE,FALSE,FALSE,FALSE,FALSE,FALSE,FALSE,FALSE,FALSE,TRUE,TRUE,FALSE,3,"AC002480.3","AC002480.3-STEAP1B","Induced 0-4hr","Later timeframe"
"ENSG00000116903.7","ENSG00000233461.5","ENSG00000233461.5-ENSG00000116903.7","Neither","RP11-295G20.2","Bona fide lncRNA","EXOC8","Protein coding","Induced 4-8hrs","Repressed 4-8hrs","4-8hrs","4-8hrs",190.689,190.689,"-","-","Intergenic",195789,"100-200kbp","ENSG00000233461.5-ENSG00000116903","ENSG00000116903",FALSE,TRUE,FALSE,FALSE,FALSE,FALSE,FALSE,FALSE,FALSE,FALSE,FALSE,FALSE,FALSE,FALSE,FALSE,FALSE,FALSE,FALSE,FALSE,FALSE,FALSE,FALSE,FALSE,FALSE,FALSE,TRUE,FALSE,FALSE,FALSE,FALSE,FALSE,FALSE,FALSE,FALSE,FALSE,FALSE,FALSE,FALSE,FALSE,2,"RP11-295G20.2","RP11-295G20.2-EXOC8","Induced 4-8hr","Same timeframe"
"ENSG00000118263.14","ENSG00000229647.1","ENSG00000229647.1-ENSG00000118263.14","Both","MYOSLID","Bona fide lncRNA","KLF7","TF","Induced <4hrs","Repressed 4-8hrs","<4hrs","4-8hrs",72.36,72.36,"+","-","Intergenic",174379,"100-200kbp","ENSG00000229647.1-ENSG00000118263","ENSG00000118263",FALSE,FALSE,FALSE,FALSE,FALSE,FALSE,FALSE,FALSE,FALSE,FALSE,FALSE,FALSE,FALSE,FALSE,FALSE,FALSE,FALSE,FALSE,FALSE,FALSE,FALSE,FALSE,FALSE,FALSE,FALSE,FALSE,FALSE,FALSE,FALSE,FALSE,FALSE,FALSE,FALSE,FALSE,FALSE,FALSE,TRUE,FALSE,TRUE,2,"MYOSLID","MYOSLID-KLF7","Induced 0-4hr","Later timeframe"
"ENSG00000119878.5","ENSG00000239332.5","ENSG00000239332.5-ENSG00000119878.5","Neither","LINC01119","Bona fide lncRNA","CRIPT","Protein coding","Induced <4hrs","Repressed 4-8hrs","<4hrs","4-8hrs",210.671,210.671,"+","+","Intergenic",243857,"200-300kbp","ENSG00000239332.5-ENSG00000119878","ENSG00000119878",FALSE,FALSE,FALSE,FALSE,FALSE,FALSE,FALSE,FALSE,FALSE,FALSE,FALSE,FALSE,FALSE,FALSE,FALSE,FALSE,FALSE,FALSE,FALSE,FALSE,FALSE,FALSE,FALSE,FALSE,FALSE,FALSE,FALSE,FALSE,FALSE,FALSE,FALSE,FALSE,FALSE,FALSE,FALSE,FALSE,TRUE,FALSE,TRUE,2,"LINC01119","LINC01119-CRIPT","Induced 0-4hr","Later timeframe"
"ENSG00000124207.16","ENSG00000177410.12","ENSG00000177410.12-ENSG00000124207.16","Neither","ZFAS1","Bona fide lncRNA","CSE1L","CC","Repressed 8-24hrs","Induced 8-24hrs","8-24hrs","8-24hrs",232.326,232.326,"+","+","Intergenic",251283,"200-300kbp","ENSG00000177410.12-ENSG00000124207","ENSG00000124207",FALSE,FALSE,FALSE,TRUE,TRUE,TRUE,TRUE,FALSE,FALSE,FALSE,FALSE,FALSE,FALSE,FALSE,FALSE,FALSE,FALSE,TRUE,TRUE,FALSE,FALSE,FALSE,FALSE,FALSE,FALSE,FALSE,TRUE,TRUE,TRUE,TRUE,FALSE,FALSE,FALSE,FALSE,FALSE,FALSE,FALSE,FALSE,FALSE,10,"ZFAS1","ZFAS1-CSE1L","Repressed 8-24hr","Same timeframe"
"ENSG00000124249.6","ENSG00000244558.5","ENSG00000244558.5-ENSG00000124249.6","Neither","KCNK15-AS1","Bona fide lncRNA","KCNK15","Protein coding","Repressed 8-24hrs","Repressed 8-24hrs","8-24hrs","8-24hrs",0.469,0.469,"-","+","Antisense Overlap",57238,"50-100kbp","ENSG00000244558.5-ENSG00000124249","ENSG00000124249",FALSE,FALSE,FALSE,TRUE,TRUE,TRUE,TRUE,FALSE,FALSE,FALSE,FALSE,FALSE,FALSE,FALSE,FALSE,FALSE,FALSE,FALSE,FALSE,FALSE,FALSE,FALSE,FALSE,FALSE,FALSE,FALSE,TRUE,TRUE,TRUE,TRUE,FALSE,FALSE,FALSE,FALSE,FALSE,FALSE,FALSE,FALSE,FALSE,8,"KCNK15-AS1","KCNK15-AS1-KCNK15","Repressed 8-24hr","Same timeframe"
"ENSG00000125124.11","ENSG00000260823.1","ENSG00000260823.1-ENSG00000125124.11","Neither","RP11-249C24.10","Bona fide lncRNA","BBS2","Protein coding","Induced <4hrs","Repressed 4-8hrs","<4hrs","4-8hrs",91.092,91.092,"-","-","Intergenic",140973,"100-200kbp","ENSG00000260823.1-ENSG00000125124","ENSG00000125124",FALSE,FALSE,FALSE,FALSE,FALSE,FALSE,FALSE,TRUE,FALSE,TRUE,TRUE,FALSE,TRUE,TRUE,TRUE,FALSE,FALSE,FALSE,FALSE,FALSE,FALSE,FALSE,FALSE,FALSE,FALSE,FALSE,FALSE,FALSE,FALSE,FALSE,FALSE,FALSE,FALSE,FALSE,FALSE,FALSE,TRUE,TRUE,FALSE,8,"RP11-249C24.10","RP11-249C24.10-BBS2","Induced 0-4hr","Later timeframe"
"ENSG00000127920.5","ENSG00000236453.5","ENSG00000236453.5-ENSG00000127920.5","Neither","AC003092.1","Bona fide lncRNA","GNG11","Protein coding","Induced <4hrs","Induced 4-8hrs","<4hrs","4-8hrs",101.104,101.104,"+","+","Intergenic",148186,"100-200kbp","ENSG00000236453.5-ENSG00000127920","ENSG00000127920",FALSE,FALSE,FALSE,FALSE,FALSE,FALSE,FALSE,FALSE,FALSE,FALSE,FALSE,FALSE,FALSE,FALSE,FALSE,FALSE,FALSE,FALSE,FALSE,FALSE,FALSE,FALSE,FALSE,FALSE,FALSE,FALSE,FALSE,FALSE,FALSE,FALSE,FALSE,FALSE,FALSE,FALSE,FALSE,FALSE,TRUE,FALSE,TRUE,2,"AC003092.1","AC003092.1-GNG11","Induced 0-4hr","Later timeframe"
"ENSG00000128342.4","ENSG00000232530.1","ENSG00000232530.1-ENSG00000128342.4","Neither","RP1-102K2.6","Bona fide lncRNA","LIF","Protein coding","Induced <4hrs","Induced <4hrs","<4hrs","<4hrs",7.946,-7.946,"+","-","Antisense Overlap",10360,"<15kbp","ENSG00000232530.1-ENSG00000128342","ENSG00000128342",TRUE,FALSE,FALSE,FALSE,FALSE,FALSE,FALSE,FALSE,FALSE,FALSE,FALSE,FALSE,FALSE,FALSE,FALSE,FALSE,FALSE,FALSE,FALSE,FALSE,FALSE,FALSE,TRUE,TRUE,FALSE,FALSE,FALSE,FALSE,FALSE,FALSE,FALSE,FALSE,FALSE,FALSE,FALSE,FALSE,FALSE,FALSE,FALSE,3,"RP1-102K2.6","RP1-102K2.6-LIF","Induced 0-4hr","Same timeframe"
"ENSG00000129347.19","MSTRG.16057","MSTRG.16057-ENSG00000129347.19","Neither",NA,"Bona fide lncRNA","KRI1","Protein coding","Induced <4hrs","Induced 4-8hrs","<4hrs","4-8hrs",81.496,-81.496,"-","-","Intergenic",88366,"50-100kbp","MSTRG.16057-ENSG00000129347","ENSG00000129347",FALSE,FALSE,FALSE,FALSE,FALSE,FALSE,FALSE,FALSE,FALSE,FALSE,FALSE,FALSE,FALSE,FALSE,FALSE,FALSE,FALSE,FALSE,FALSE,FALSE,FALSE,FALSE,FALSE,FALSE,FALSE,FALSE,FALSE,FALSE,FALSE,FALSE,FALSE,FALSE,FALSE,FALSE,FALSE,FALSE,TRUE,TRUE,FALSE,2,"MSTRG.16057","MSTRG.16057-KRI1","Induced 0-4hr","Later timeframe"
"ENSG00000133316.15","ENSG00000255717.6","ENSG00000255717.6-ENSG00000133316.15","Neither","SNHG1","Bona fide lncRNA","WDR74","Protein coding","Induced <4hrs","Induced 4-8hrs","<4hrs","4-8hrs",12.146,12.146,"-","-","Intergenic",22957,"15-25kbp","ENSG00000255717.6-ENSG00000133316","ENSG00000133316",FALSE,FALSE,FALSE,FALSE,FALSE,FALSE,FALSE,TRUE,FALSE,TRUE,TRUE,TRUE,FALSE,FALSE,TRUE,FALSE,FALSE,FALSE,FALSE,FALSE,FALSE,FALSE,FALSE,FALSE,FALSE,FALSE,FALSE,FALSE,FALSE,FALSE,FALSE,FALSE,FALSE,FALSE,FALSE,FALSE,TRUE,TRUE,TRUE,8,"SNHG1","SNHG1-WDR74","Induced 0-4hr","Later timeframe"
"ENSG00000134198.9","MSTRG.1727","MSTRG.1727-ENSG00000134198.9","Neither",NA,"Bona fide lncRNA","TSPAN2","Protein coding","Induced <4hrs","Induced 4-8hrs","<4hrs","4-8hrs",150.037,150.037,"+","-","Intergenic",234875,"200-300kbp","MSTRG.1727-ENSG00000134198","ENSG00000134198",FALSE,FALSE,FALSE,FALSE,FALSE,FALSE,FALSE,TRUE,FALSE,FALSE,FALSE,FALSE,FALSE,FALSE,FALSE,FALSE,FALSE,FALSE,FALSE,FALSE,FALSE,FALSE,FALSE,FALSE,FALSE,FALSE,FALSE,FALSE,FALSE,FALSE,FALSE,FALSE,FALSE,FALSE,FALSE,FALSE,TRUE,TRUE,TRUE,4,"MSTRG.1727","MSTRG.1727-TSPAN2","Induced 0-4hr","Later timeframe"
"ENSG00000134259.3","MSTRG.1727","MSTRG.1727-ENSG00000134259.3","Neither",NA,"Bona fide lncRNA","NGF","Protein coding","Induced <4hrs","Induced <4hrs","<4hrs","<4hrs",98.517,-98.517,"+","-","Intergenic",100700,"100-200kbp","MSTRG.1727-ENSG00000134259","ENSG00000134259",TRUE,FALSE,FALSE,FALSE,FALSE,FALSE,FALSE,FALSE,FALSE,FALSE,FALSE,FALSE,FALSE,FALSE,FALSE,FALSE,FALSE,FALSE,FALSE,FALSE,FALSE,FALSE,FALSE,TRUE,TRUE,FALSE,FALSE,FALSE,FALSE,FALSE,FALSE,FALSE,FALSE,FALSE,FALSE,FALSE,FALSE,FALSE,FALSE,3,"MSTRG.1727","MSTRG.1727-NGF","Induced 0-4hr","Same timeframe"
"ENSG00000136270.13","ENSG00000232956.8","ENSG00000232956.8-ENSG00000136270.13","Neither","SNHG15","Bona fide lncRNA","TBRG4","Protein coding","Induced <4hrs","Induced 4-8hrs","<4hrs","4-8hrs",119.068,-119.068,"-","-","Intergenic",130692,"100-200kbp","ENSG00000232956.8-ENSG00000136270","ENSG00000136270",FALSE,FALSE,FALSE,FALSE,FALSE,FALSE,FALSE,TRUE,TRUE,TRUE,TRUE,TRUE,TRUE,TRUE,TRUE,TRUE,FALSE,FALSE,FALSE,TRUE,TRUE,TRUE,FALSE,FALSE,FALSE,FALSE,FALSE,FALSE,FALSE,FALSE,FALSE,FALSE,FALSE,TRUE,TRUE,FALSE,TRUE,TRUE,TRUE,17,"SNHG15","SNHG15-TBRG4","Induced 0-4hr","Later timeframe"
"ENSG00000136280.15","ENSG00000232956.8","ENSG00000232956.8-ENSG00000136280.15","Neither","SNHG15","Bona fide lncRNA","CCM2","Protein coding","Induced <4hrs","Induced 4-8hrs","<4hrs","4-8hrs",13.584,-13.584,"-","+","Intergenic",93447,"50-100kbp","ENSG00000232956.8-ENSG00000136280","ENSG00000136280",FALSE,FALSE,FALSE,FALSE,FALSE,FALSE,FALSE,TRUE,TRUE,TRUE,TRUE,TRUE,FALSE,TRUE,TRUE,TRUE,FALSE,FALSE,FALSE,FALSE,TRUE,TRUE,FALSE,FALSE,FALSE,FALSE,FALSE,FALSE,FALSE,FALSE,FALSE,FALSE,FALSE,FALSE,TRUE,FALSE,TRUE,TRUE,TRUE,14,"SNHG15","SNHG15-CCM2","Induced 0-4hr","Later timeframe"
"ENSG00000141956.13","ENSG00000237232.7","ENSG00000237232.7-ENSG00000141956.13","Neither","ZNF295-AS1","Bona fide lncRNA","PRDM15","TF","Induced <4hrs","Repressed 8-24hrs","<4hrs","8-24hrs",129.705,129.705,"+","-","Intergenic",226642,"200-300kbp","ENSG00000237232.7-ENSG00000141956","ENSG00000141956",FALSE,FALSE,FALSE,FALSE,FALSE,FALSE,FALSE,FALSE,FALSE,FALSE,FALSE,FALSE,FALSE,FALSE,FALSE,FALSE,FALSE,FALSE,FALSE,FALSE,FALSE,FALSE,FALSE,FALSE,FALSE,FALSE,FALSE,FALSE,FALSE,FALSE,FALSE,FALSE,FALSE,FALSE,FALSE,FALSE,TRUE,FALSE,FALSE,1,"ZNF295-AS1","ZNF295-AS1-PRDM15","Induced 0-4hr","Later timeframe"
"ENSG00000144048.10","ENSG00000237883.1","ENSG00000237883.1-ENSG00000144048.10","Neither","DGUOK-AS1","Bona fide lncRNA","DUSP11","Protein coding","Induced <4hrs","Repressed 8-24hrs","<4hrs","8-24hrs",201.244,201.244,"-","-","Intergenic",219245,"200-300kbp","ENSG00000237883.1-ENSG00000144048","ENSG00000144048",FALSE,FALSE,FALSE,FALSE,FALSE,FALSE,FALSE,FALSE,FALSE,FALSE,FALSE,FALSE,FALSE,FALSE,FALSE,FALSE,FALSE,FALSE,FALSE,FALSE,FALSE,FALSE,FALSE,FALSE,FALSE,FALSE,FALSE,FALSE,FALSE,FALSE,FALSE,FALSE,FALSE,FALSE,FALSE,FALSE,TRUE,FALSE,FALSE,1,"DGUOK-AS1","DGUOK-AS1-DUSP11","Induced 0-4hr","Later timeframe"
"ENSG00000146416.17","MSTRG.28277","MSTRG.28277-ENSG00000146416.17","FitHiC",NA,"Bona fide lncRNA","AIG1","Protein coding","Induced <4hrs","Repressed 8-24hrs","<4hrs","8-24hrs",114.374,-114.374,"+","+","Intergenic",393826,"300-400kbp","MSTRG.28277-ENSG00000146416","ENSG00000146416",FALSE,FALSE,FALSE,FALSE,FALSE,FALSE,FALSE,FALSE,FALSE,FALSE,FALSE,FALSE,FALSE,FALSE,FALSE,FALSE,FALSE,FALSE,FALSE,FALSE,FALSE,FALSE,FALSE,FALSE,FALSE,FALSE,FALSE,FALSE,FALSE,FALSE,FALSE,FALSE,FALSE,FALSE,FALSE,FALSE,TRUE,FALSE,TRUE,2,"MSTRG.28277","MSTRG.28277-AIG1","Induced 0-4hr","Later timeframe"
"ENSG00000147364.16","MSTRG.30153","MSTRG.30153-ENSG00000147364.16","Neither",NA,"Bona fide lncRNA","FBXO25","Protein coding","Induced 4-8hrs","Repressed 4-8hrs","4-8hrs","4-8hrs",100.576,-100.576,"-","+","Intergenic",172767,"100-200kbp","MSTRG.30153-ENSG00000147364","ENSG00000147364",FALSE,FALSE,TRUE,FALSE,FALSE,FALSE,FALSE,FALSE,FALSE,FALSE,FALSE,FALSE,FALSE,FALSE,FALSE,FALSE,FALSE,FALSE,FALSE,FALSE,FALSE,FALSE,FALSE,FALSE,FALSE,FALSE,FALSE,FALSE,FALSE,FALSE,FALSE,FALSE,FALSE,FALSE,FALSE,FALSE,FALSE,FALSE,FALSE,1,"MSTRG.30153","MSTRG.30153-FBXO25","Induced 4-8hr","Same timeframe"
"ENSG00000148834.12","ENSG00000231233.1","ENSG00000231233.1-ENSG00000148834.12","Neither","CFAP58-AS1","Bona fide lncRNA","GSTO1","Protein coding","Induced <4hrs","Induced <4hrs","<4hrs","<4hrs",98.827,98.827,"-","+","Intergenic",100828,"100-200kbp","ENSG00000231233.1-ENSG00000148834","ENSG00000148834",TRUE,FALSE,FALSE,FALSE,FALSE,FALSE,FALSE,FALSE,FALSE,FALSE,FALSE,FALSE,FALSE,FALSE,FALSE,FALSE,FALSE,FALSE,FALSE,FALSE,FALSE,FALSE,FALSE,FALSE,FALSE,FALSE,FALSE,FALSE,FALSE,FALSE,TRUE,FALSE,FALSE,FALSE,FALSE,FALSE,FALSE,FALSE,FALSE,2,"CFAP58-AS1","CFAP58-AS1-GSTO1","Induced 0-4hr","Same timeframe"
"ENSG00000148841.15","ENSG00000231233.1","ENSG00000231233.1-ENSG00000148841.15","Neither","CFAP58-AS1","Bona fide lncRNA","ITPRIP","Protein coding","Induced <4hrs","Induced <4hrs","<4hrs","<4hrs",15.158,15.158,"-","-","Intergenic",44538,"25-50kbp","ENSG00000231233.1-ENSG00000148841","ENSG00000148841",FALSE,FALSE,FALSE,FALSE,FALSE,FALSE,FALSE,FALSE,FALSE,FALSE,FALSE,FALSE,FALSE,FALSE,FALSE,FALSE,FALSE,FALSE,FALSE,FALSE,FALSE,FALSE,FALSE,FALSE,FALSE,FALSE,FALSE,FALSE,FALSE,FALSE,TRUE,FALSE,FALSE,FALSE,FALSE,FALSE,FALSE,FALSE,FALSE,1,"CFAP58-AS1","CFAP58-AS1-ITPRIP","Induced 0-4hr","Same timeframe"
"ENSG00000155380.11","ENSG00000226419.7","ENSG00000226419.7-ENSG00000155380.11","Neither","SLC16A1-AS1","Bona fide lncRNA","SLC16A1","Protein coding","Repressed <4hrs","Induced <4hrs","<4hrs","<4hrs",0.018,0.018,"+","-","Bidirectional",63584,"50-100kbp","ENSG00000226419.7-ENSG00000155380","ENSG00000155380",FALSE,FALSE,FALSE,FALSE,FALSE,FALSE,FALSE,FALSE,FALSE,FALSE,FALSE,FALSE,FALSE,FALSE,FALSE,FALSE,TRUE,FALSE,FALSE,FALSE,FALSE,FALSE,FALSE,FALSE,FALSE,FALSE,FALSE,FALSE,FALSE,FALSE,FALSE,FALSE,FALSE,FALSE,FALSE,FALSE,FALSE,FALSE,FALSE,1,"SLC16A1-AS1","SLC16A1-AS1-SLC16A1","Repressed 0-4hr","Same timeframe"
"ENSG00000159259.7","ENSG00000233818.1","ENSG00000233818.1-ENSG00000159259.7","Neither","AP000695.4","Bona fide lncRNA","CHAF1B","CC","Induced 8-24hrs","Induced 8-24hrs","8-24hrs","8-24hrs",60.458,60.458,"+","+","Intergenic",149031,"100-200kbp","ENSG00000233818.1-ENSG00000159259","ENSG00000159259",FALSE,FALSE,FALSE,FALSE,FALSE,FALSE,FALSE,FALSE,FALSE,FALSE,FALSE,FALSE,FALSE,FALSE,FALSE,FALSE,FALSE,FALSE,FALSE,FALSE,FALSE,FALSE,FALSE,FALSE,FALSE,FALSE,FALSE,FALSE,FALSE,FALSE,FALSE,FALSE,FALSE,FALSE,FALSE,TRUE,FALSE,FALSE,FALSE,1,"AP000695.4","AP000695.4-CHAF1B","Induced 8-24hr","Same timeframe"
"ENSG00000162236.11","ENSG00000255717.6","ENSG00000255717.6-ENSG00000162236.11","Neither","SNHG1","Bona fide lncRNA","STX5","Protein coding","Induced <4hrs","Repressed 8-24hrs","<4hrs","8-24hrs",21.867,21.867,"-","-","Intergenic",48972,"25-50kbp","ENSG00000255717.6-ENSG00000162236","ENSG00000162236",FALSE,FALSE,FALSE,FALSE,FALSE,FALSE,FALSE,FALSE,TRUE,FALSE,FALSE,FALSE,TRUE,FALSE,TRUE,FALSE,FALSE,FALSE,FALSE,FALSE,FALSE,FALSE,FALSE,FALSE,FALSE,FALSE,FALSE,FALSE,FALSE,FALSE,FALSE,FALSE,FALSE,TRUE,FALSE,FALSE,TRUE,TRUE,TRUE,7,"SNHG1","SNHG1-STX5","Induced 0-4hr","Later timeframe"
"ENSG00000163170.11","ENSG00000237883.1","ENSG00000237883.1-ENSG00000163170.11","Neither","DGUOK-AS1","Bona fide lncRNA","BOLA3","Protein coding","Induced <4hrs","Induced 8-24hrs","<4hrs","8-24hrs",166.477,-166.477,"-","-","Intergenic",192025,"100-200kbp","ENSG00000237883.1-ENSG00000163170","ENSG00000163170",FALSE,FALSE,FALSE,FALSE,FALSE,FALSE,FALSE,FALSE,FALSE,FALSE,FALSE,FALSE,FALSE,FALSE,FALSE,FALSE,FALSE,FALSE,FALSE,FALSE,FALSE,FALSE,FALSE,FALSE,FALSE,FALSE,FALSE,FALSE,FALSE,FALSE,FALSE,FALSE,FALSE,FALSE,FALSE,FALSE,TRUE,FALSE,TRUE,2,"DGUOK-AS1","DGUOK-AS1-BOLA3","Induced 0-4hr","Later timeframe"
"ENSG00000164611.12","ENSG00000253522.5","ENSG00000253522.5-ENSG00000164611.12","Neither","MIR3142HG","Bona fide lncRNA","PTTG1","CC","Induced <4hrs","Induced 8-24hrs","<4hrs","8-24hrs",46.407,46.407,"+","+","Intergenic",75151,"50-100kbp","ENSG00000253522.5-ENSG00000164611","ENSG00000164611",FALSE,FALSE,FALSE,FALSE,FALSE,FALSE,FALSE,FALSE,FALSE,FALSE,FALSE,FALSE,FALSE,TRUE,FALSE,FALSE,FALSE,FALSE,FALSE,FALSE,FALSE,FALSE,FALSE,FALSE,FALSE,FALSE,FALSE,FALSE,FALSE,FALSE,FALSE,FALSE,FALSE,FALSE,TRUE,FALSE,TRUE,FALSE,TRUE,4,"MIR3142HG","MIR3142HG-PTTG1","Induced 0-4hr","Later timeframe"
"ENSG00000166847.9","ENSG00000260136.5","ENSG00000260136.5-ENSG00000166847.9","Neither","CTD-2270L9.4","Bona fide lncRNA","DCTN5","Protein coding","Induced 4-8hrs","Induced 4-8hrs","4-8hrs","4-8hrs",188.658,-188.658,"+","+","Intergenic",224722,"200-300kbp","ENSG00000260136.5-ENSG00000166847","ENSG00000166847",FALSE,FALSE,TRUE,FALSE,FALSE,FALSE,FALSE,FALSE,FALSE,FALSE,FALSE,FALSE,FALSE,FALSE,FALSE,FALSE,FALSE,FALSE,FALSE,FALSE,FALSE,FALSE,FALSE,FALSE,FALSE,FALSE,FALSE,FALSE,FALSE,FALSE,FALSE,TRUE,FALSE,FALSE,FALSE,FALSE,FALSE,FALSE,FALSE,2,"CTD-2270L9.4","CTD-2270L9.4-DCTN5","Induced 4-8hr","Same timeframe"
"ENSG00000167508.11","ENSG00000260630.6","ENSG00000260630.6-ENSG00000167508.11","Neither","SNAI3-AS1","Bona fide lncRNA","MVD","Protein coding","Repressed 8-24hrs","Repressed 8-24hrs","8-24hrs","8-24hrs",0.208,0.208,"+","-","Bidirectional",35252,"25-50kbp","ENSG00000260630.6-ENSG00000167508","ENSG00000167508",FALSE,FALSE,FALSE,FALSE,TRUE,FALSE,FALSE,FALSE,FALSE,FALSE,FALSE,FALSE,FALSE,FALSE,FALSE,FALSE,FALSE,FALSE,FALSE,FALSE,FALSE,FALSE,FALSE,FALSE,FALSE,FALSE,FALSE,TRUE,FALSE,FALSE,FALSE,FALSE,FALSE,FALSE,FALSE,FALSE,FALSE,FALSE,FALSE,2,"SNAI3-AS1","SNAI3-AS1-MVD","Repressed 8-24hr","Same timeframe"
"ENSG00000168917.8","ENSG00000239213.5","ENSG00000239213.5-ENSG00000168917.8","Neither","NCK1-AS1","Bona fide lncRNA","SLC35G2","Protein coding","Induced 8-24hrs","Induced 8-24hrs","8-24hrs","8-24hrs",42.927,42.927,"-","+","Antisense Overlap",45365,"25-50kbp","ENSG00000239213.5-ENSG00000168917","ENSG00000168917",FALSE,FALSE,FALSE,FALSE,FALSE,FALSE,FALSE,FALSE,FALSE,FALSE,FALSE,FALSE,FALSE,FALSE,FALSE,FALSE,FALSE,FALSE,FALSE,FALSE,FALSE,FALSE,FALSE,FALSE,FALSE,FALSE,FALSE,FALSE,FALSE,FALSE,FALSE,FALSE,FALSE,FALSE,FALSE,TRUE,FALSE,FALSE,FALSE,1,"NCK1-AS1","NCK1-AS1-SLC35G2","Induced 8-24hr","Same timeframe"
"ENSG00000169429.10","MSTRG.24277","MSTRG.24277-ENSG00000169429.10","FitHiC",NA,"Bona fide lncRNA","CXCL8","Protein coding","Induced <4hrs","Induced <4hrs","<4hrs","<4hrs",19.439,-19.439,"-","+","Intergenic",78071,"50-100kbp","MSTRG.24277-ENSG00000169429","ENSG00000169429",TRUE,FALSE,FALSE,FALSE,FALSE,FALSE,FALSE,FALSE,FALSE,FALSE,FALSE,FALSE,FALSE,FALSE,FALSE,FALSE,FALSE,FALSE,FALSE,FALSE,FALSE,FALSE,FALSE,FALSE,TRUE,FALSE,FALSE,FALSE,FALSE,FALSE,FALSE,FALSE,FALSE,FALSE,FALSE,FALSE,FALSE,FALSE,FALSE,2,"MSTRG.24277","MSTRG.24277-CXCL8","Induced 0-4hr","Same timeframe"
"ENSG00000169715.14","ENSG00000260823.1","ENSG00000260823.1-ENSG00000169715.14","Neither","RP11-249C24.10","Bona fide lncRNA","MT1E","Protein coding","Induced <4hrs","Induced <4hrs","<4hrs","<4hrs",14.1,-14.1,"-","+","Intergenic",17612,"15-25kbp","ENSG00000260823.1-ENSG00000169715","ENSG00000169715",TRUE,FALSE,FALSE,FALSE,FALSE,FALSE,FALSE,FALSE,FALSE,FALSE,FALSE,FALSE,FALSE,FALSE,FALSE,FALSE,FALSE,FALSE,FALSE,FALSE,FALSE,FALSE,TRUE,TRUE,TRUE,FALSE,FALSE,FALSE,FALSE,FALSE,FALSE,FALSE,FALSE,FALSE,FALSE,FALSE,FALSE,FALSE,FALSE,4,"RP11-249C24.10","RP11-249C24.10-MT1E","Induced 0-4hr","Same timeframe"
"ENSG00000169762.16","ENSG00000263327.6","ENSG00000263327.6-ENSG00000169762.16","Neither","TAPT1-AS1","Bona fide lncRNA","TAPT1","Protein coding","Repressed <4hrs","Repressed <4hrs","<4hrs","<4hrs",0.104,0.104,"+","-","Antisense Overlap",96240,"50-100kbp","ENSG00000263327.6-ENSG00000169762","ENSG00000169762",FALSE,FALSE,FALSE,FALSE,FALSE,FALSE,FALSE,FALSE,FALSE,FALSE,FALSE,FALSE,FALSE,FALSE,FALSE,FALSE,TRUE,FALSE,FALSE,FALSE,FALSE,FALSE,FALSE,FALSE,FALSE,FALSE,FALSE,FALSE,FALSE,FALSE,FALSE,FALSE,FALSE,FALSE,FALSE,FALSE,FALSE,FALSE,FALSE,1,"TAPT1-AS1","TAPT1-AS1-TAPT1","Repressed 0-4hr","Same timeframe"
"ENSG00000171700.13","ENSG00000268858.2","ENSG00000268858.2-ENSG00000171700.13","Neither","RP4-591C20.9","Bona fide lncRNA","RGS19","Protein coding","Induced <4hrs","Induced 4-8hrs","<4hrs","4-8hrs",212.795,-212.795,"-","-","Intergenic",220777,"200-300kbp","ENSG00000268858.2-ENSG00000171700","ENSG00000171700",FALSE,FALSE,FALSE,FALSE,FALSE,FALSE,FALSE,FALSE,FALSE,FALSE,FALSE,FALSE,FALSE,FALSE,FALSE,FALSE,FALSE,FALSE,FALSE,FALSE,FALSE,FALSE,FALSE,FALSE,FALSE,FALSE,FALSE,FALSE,FALSE,FALSE,FALSE,FALSE,FALSE,FALSE,FALSE,FALSE,TRUE,FALSE,TRUE,2,"RP4-591C20.9","RP4-591C20.9-RGS19","Induced 0-4hr","Later timeframe"
"ENSG00000172061.8","MSTRG.23674","MSTRG.23674-ENSG00000172061.8","Neither",NA,"Bona fide lncRNA","LRRC15","Protein coding","Induced <4hrs","Induced 8-24hrs","<4hrs","8-24hrs",117.362,117.362,"+","-","Intergenic",168405,"100-200kbp","MSTRG.23674-ENSG00000172061","ENSG00000172061",FALSE,FALSE,FALSE,FALSE,FALSE,FALSE,FALSE,FALSE,FALSE,FALSE,FALSE,FALSE,FALSE,FALSE,FALSE,FALSE,FALSE,FALSE,FALSE,FALSE,FALSE,FALSE,FALSE,FALSE,FALSE,FALSE,FALSE,FALSE,FALSE,FALSE,FALSE,FALSE,TRUE,FALSE,FALSE,FALSE,TRUE,FALSE,TRUE,3,"MSTRG.23674","MSTRG.23674-LRRC15","Induced 0-4hr","Later timeframe"
"ENSG00000173276.13","ENSG00000237232.7","ENSG00000237232.7-ENSG00000173276.13","Neither","ZNF295-AS1","Bona fide lncRNA","ZBTB21","TF","Induced <4hrs","Induced <4hrs","<4hrs","<4hrs",1.068,-1.068,"+","-","Antisense Overlap",38036,"25-50kbp","ENSG00000237232.7-ENSG00000173276","ENSG00000173276",FALSE,FALSE,FALSE,FALSE,FALSE,FALSE,FALSE,FALSE,FALSE,FALSE,FALSE,FALSE,FALSE,FALSE,FALSE,FALSE,FALSE,FALSE,FALSE,FALSE,FALSE,FALSE,TRUE,TRUE,FALSE,FALSE,FALSE,FALSE,FALSE,FALSE,FALSE,FALSE,FALSE,FALSE,FALSE,FALSE,FALSE,FALSE,FALSE,2,"ZNF295-AS1","ZNF295-AS1-ZBTB21","Induced 0-4hr","Same timeframe"
"ENSG00000174177.12","ENSG00000260630.6","ENSG00000260630.6-ENSG00000174177.12","Neither","SNAI3-AS1","Bona fide lncRNA","CTU2","Protein coding","Repressed 8-24hrs","Repressed 8-24hrs","8-24hrs","8-24hrs",21.33,-21.33,"+","+","Intergenic",52069,"50-100kbp","ENSG00000260630.6-ENSG00000174177","ENSG00000174177",FALSE,FALSE,FALSE,TRUE,FALSE,TRUE,TRUE,FALSE,FALSE,FALSE,FALSE,FALSE,FALSE,FALSE,FALSE,FALSE,FALSE,TRUE,TRUE,FALSE,FALSE,FALSE,FALSE,FALSE,FALSE,FALSE,TRUE,FALSE,TRUE,TRUE,FALSE,FALSE,FALSE,FALSE,FALSE,FALSE,FALSE,FALSE,FALSE,8,"SNAI3-AS1","SNAI3-AS1-CTU2","Repressed 8-24hr","Same timeframe"
"ENSG00000180198.15","ENSG00000197989.13","ENSG00000197989.13-ENSG00000180198.15","Neither","SNHG12","Bona fide lncRNA","RCC1","CC","Induced <4hrs","Induced 4-8hrs","<4hrs","4-8hrs",63.594,63.594,"-","+","Intergenic",77918,"50-100kbp","ENSG00000197989.13-ENSG00000180198","ENSG00000180198",FALSE,FALSE,FALSE,FALSE,FALSE,FALSE,FALSE,FALSE,FALSE,FALSE,FALSE,FALSE,TRUE,FALSE,FALSE,FALSE,FALSE,FALSE,FALSE,FALSE,FALSE,FALSE,FALSE,FALSE,FALSE,FALSE,FALSE,FALSE,FALSE,FALSE,FALSE,FALSE,FALSE,FALSE,FALSE,FALSE,TRUE,TRUE,TRUE,4,"SNHG12","SNHG12-RCC1","Induced 0-4hr","Later timeframe"
"ENSG00000180398.11","ENSG00000239332.5","ENSG00000239332.5-ENSG00000180398.11","Neither","LINC01119","Bona fide lncRNA","MCFD2","Protein coding","Induced <4hrs","Induced 8-24hrs","<4hrs","8-24hrs",69.915,-69.915,"+","-","Intergenic",90047,"50-100kbp","ENSG00000239332.5-ENSG00000180398","ENSG00000180398",FALSE,FALSE,FALSE,FALSE,FALSE,FALSE,FALSE,TRUE,FALSE,FALSE,FALSE,TRUE,FALSE,FALSE,FALSE,FALSE,FALSE,FALSE,FALSE,FALSE,FALSE,FALSE,FALSE,FALSE,FALSE,FALSE,FALSE,FALSE,FALSE,FALSE,FALSE,FALSE,FALSE,FALSE,FALSE,FALSE,TRUE,TRUE,FALSE,4,"LINC01119","LINC01119-MCFD2","Induced 0-4hr","Later timeframe"
"ENSG00000182118.7","ENSG00000223393.1","ENSG00000223393.1-ENSG00000182118.7","Neither","RP5-858B6.3","Bona fide lncRNA","FAM89A","Protein coding","Repressed 8-24hrs","Repressed 8-24hrs","8-24hrs","8-24hrs",165.478,-165.478,"+","-","Intergenic",167479,"100-200kbp","ENSG00000223393.1-ENSG00000182118","ENSG00000182118",FALSE,FALSE,FALSE,FALSE,FALSE,FALSE,TRUE,FALSE,FALSE,FALSE,FALSE,FALSE,FALSE,FALSE,FALSE,FALSE,FALSE,FALSE,TRUE,FALSE,FALSE,FALSE,FALSE,FALSE,FALSE,FALSE,FALSE,FALSE,FALSE,TRUE,FALSE,FALSE,FALSE,FALSE,FALSE,FALSE,FALSE,FALSE,FALSE,3,"RP5-858B6.3","RP5-858B6.3-FAM89A","Repressed 8-24hr","Same timeframe"
"ENSG00000183336.8","ENSG00000260953.1","ENSG00000260953.1-ENSG00000183336.8","Neither","RP11-426C22.6","Bona fide lncRNA","BOLA2","Protein coding","Induced <4hrs","Induced 4-8hrs","<4hrs","4-8hrs",190.383,-190.383,"-","-","Intergenic",194692,"100-200kbp","ENSG00000260953.1-ENSG00000183336","ENSG00000183336",FALSE,FALSE,FALSE,FALSE,FALSE,FALSE,FALSE,FALSE,FALSE,FALSE,FALSE,FALSE,FALSE,FALSE,FALSE,FALSE,FALSE,FALSE,FALSE,FALSE,FALSE,FALSE,FALSE,FALSE,FALSE,FALSE,FALSE,FALSE,FALSE,FALSE,FALSE,FALSE,FALSE,FALSE,FALSE,FALSE,TRUE,TRUE,FALSE,2,"RP11-426C22.6","RP11-426C22.6-BOLA2","Induced 0-4hr","Later timeframe"
"ENSG00000185085.2","ENSG00000255717.6","ENSG00000255717.6-ENSG00000185085.2","Neither","SNHG1","Bona fide lncRNA","INTS5","Protein coding","Induced <4hrs","Repressed 8-24hrs","<4hrs","8-24hrs",200.653,200.653,"-","-","Intergenic",209021,"200-300kbp","ENSG00000255717.6-ENSG00000185085","ENSG00000185085",FALSE,FALSE,FALSE,FALSE,FALSE,FALSE,FALSE,FALSE,FALSE,FALSE,FALSE,FALSE,FALSE,FALSE,FALSE,FALSE,FALSE,FALSE,FALSE,FALSE,FALSE,FALSE,FALSE,FALSE,FALSE,FALSE,FALSE,FALSE,FALSE,FALSE,FALSE,FALSE,TRUE,FALSE,FALSE,FALSE,FALSE,FALSE,FALSE,1,"SNHG1","SNHG1-INTS5","Induced 0-4hr","Later timeframe"
"ENSG00000185104.19","MSTRG.1055","MSTRG.1055-ENSG00000185104.19","Neither",NA,"Bona fide lncRNA","FAF1","CC","Induced 8-24hrs","Induced 8-24hrs","8-24hrs","8-24hrs",17.31,17.31,"+","-","Intergenic",573290,"500-1000kbp","MSTRG.1055-ENSG00000185104","ENSG00000185104",FALSE,FALSE,FALSE,FALSE,FALSE,FALSE,FALSE,FALSE,FALSE,FALSE,FALSE,FALSE,FALSE,FALSE,FALSE,FALSE,FALSE,FALSE,FALSE,FALSE,FALSE,FALSE,FALSE,FALSE,FALSE,FALSE,FALSE,FALSE,FALSE,FALSE,FALSE,FALSE,FALSE,FALSE,FALSE,TRUE,FALSE,FALSE,FALSE,1,"MSTRG.1055","MSTRG.1055-FAF1","Induced 8-24hr","Same timeframe"
"ENSG00000185112.5","MSTRG.23674","MSTRG.23674-ENSG00000185112.5","Neither",NA,"Bona fide lncRNA","FAM43A","Protein coding","Induced <4hrs","Repressed 4-8hrs","<4hrs","4-8hrs",199.439,-199.439,"+","+","Intergenic",201933,"200-300kbp","MSTRG.23674-ENSG00000185112","ENSG00000185112",FALSE,FALSE,FALSE,FALSE,FALSE,FALSE,FALSE,FALSE,FALSE,FALSE,FALSE,FALSE,FALSE,FALSE,FALSE,FALSE,FALSE,FALSE,FALSE,FALSE,FALSE,FALSE,FALSE,FALSE,FALSE,FALSE,FALSE,FALSE,FALSE,FALSE,FALSE,FALSE,FALSE,FALSE,FALSE,FALSE,TRUE,FALSE,FALSE,1,"MSTRG.23674","MSTRG.23674-FAM43A","Induced 0-4hr","Later timeframe"
"ENSG00000185669.5","ENSG00000260630.6","ENSG00000260630.6-ENSG00000185669.5","Neither","SNAI3-AS1","Bona fide lncRNA","SNAI3","TF","Repressed 8-24hrs","Repressed 8-24hrs","8-24hrs","8-24hrs",1.36,-1.36,"+","-","Antisense Overlap",25176,"25-50kbp","ENSG00000260630.6-ENSG00000185669","ENSG00000185669",FALSE,FALSE,FALSE,FALSE,TRUE,TRUE,FALSE,FALSE,FALSE,FALSE,FALSE,FALSE,FALSE,FALSE,FALSE,FALSE,FALSE,TRUE,FALSE,FALSE,FALSE,FALSE,FALSE,FALSE,FALSE,FALSE,FALSE,TRUE,TRUE,FALSE,FALSE,FALSE,FALSE,FALSE,FALSE,FALSE,FALSE,FALSE,FALSE,5,"SNAI3-AS1","SNAI3-AS1-SNAI3","Repressed 8-24hr","Same timeframe"
"ENSG00000187109.13","ENSG00000257219.5","ENSG00000257219.5-ENSG00000187109.13","FitHiC","RP11-54A9.1","Bona fide lncRNA","NAP1L1","Protein coding","Induced 4-8hrs","Repressed 4-8hrs","4-8hrs","4-8hrs",175.102,175.102,"+","-","Intergenic",258228,"200-300kbp","ENSG00000257219.5-ENSG00000187109","ENSG00000187109",FALSE,FALSE,TRUE,FALSE,FALSE,FALSE,FALSE,FALSE,FALSE,FALSE,FALSE,FALSE,FALSE,FALSE,FALSE,FALSE,FALSE,FALSE,FALSE,FALSE,FALSE,FALSE,FALSE,FALSE,FALSE,FALSE,FALSE,FALSE,FALSE,FALSE,FALSE,TRUE,FALSE,FALSE,FALSE,FALSE,FALSE,FALSE,FALSE,2,"RP11-54A9.1","RP11-54A9.1-NAP1L1","Induced 4-8hr","Same timeframe"
"ENSG00000188976.10","ENSG00000228794.8","ENSG00000228794.8-ENSG00000188976.10","Neither","LINC01128","Bona fide lncRNA","NOC2L","Protein coding","Induced <4hrs","Induced <4hrs","<4hrs","<4hrs",127.711,-127.711,"+","-","Intergenic",133657,"100-200kbp","ENSG00000228794.8-ENSG00000188976","ENSG00000188976",FALSE,FALSE,FALSE,FALSE,FALSE,FALSE,FALSE,FALSE,FALSE,FALSE,FALSE,FALSE,FALSE,FALSE,FALSE,FALSE,FALSE,FALSE,FALSE,FALSE,FALSE,FALSE,FALSE,TRUE,FALSE,FALSE,FALSE,FALSE,FALSE,FALSE,FALSE,FALSE,FALSE,FALSE,FALSE,FALSE,FALSE,FALSE,FALSE,1,"LINC01128","LINC01128-NOC2L","Induced 0-4hr","Same timeframe"
"ENSG00000196187.11","MSTRG.2993","MSTRG.2993-ENSG00000196187.11","Neither",NA,"Bona fide lncRNA","TMEM63A","Protein coding","Induced 8-24hrs","Repressed 8-24hrs","8-24hrs","8-24hrs",149.104,-149.104,"+","-","Intergenic",198490,"100-200kbp","MSTRG.2993-ENSG00000196187","ENSG00000196187",FALSE,FALSE,FALSE,FALSE,FALSE,FALSE,FALSE,FALSE,FALSE,FALSE,FALSE,FALSE,FALSE,FALSE,FALSE,FALSE,FALSE,FALSE,FALSE,FALSE,FALSE,FALSE,FALSE,FALSE,FALSE,FALSE,FALSE,FALSE,FALSE,FALSE,FALSE,FALSE,FALSE,FALSE,FALSE,TRUE,FALSE,FALSE,FALSE,1,"MSTRG.2993","MSTRG.2993-TMEM63A","Induced 8-24hr","Same timeframe"
"ENSG00000198768.10","ENSG00000231290.5","ENSG00000231290.5-ENSG00000198768.10","Neither","APCDD1L-AS1","Bona fide lncRNA","APCDD1L","Protein coding","Induced <4hrs","Induced 4-8hrs","<4hrs","4-8hrs",0.066,0.066,"+","-","Bidirectional",116098,"100-200kbp","ENSG00000231290.5-ENSG00000198768","ENSG00000198768",FALSE,FALSE,FALSE,FALSE,FALSE,FALSE,FALSE,TRUE,FALSE,FALSE,FALSE,FALSE,FALSE,FALSE,FALSE,FALSE,FALSE,FALSE,FALSE,FALSE,FALSE,FALSE,FALSE,FALSE,FALSE,FALSE,FALSE,FALSE,FALSE,FALSE,FALSE,FALSE,FALSE,FALSE,FALSE,FALSE,TRUE,FALSE,TRUE,3,"APCDD1L-AS1","APCDD1L-AS1-APCDD1L","Induced 0-4hr","Later timeframe"
"ENSG00000204138.12","ENSG00000197989.13","ENSG00000197989.13-ENSG00000204138.12","Neither","SNHG12","Bona fide lncRNA","PHACTR4","Protein coding","Induced <4hrs","Repressed <4hrs","<4hrs","<4hrs",90.165,90.165,"-","+","Intergenic",214252,"200-300kbp","ENSG00000197989.13-ENSG00000204138","ENSG00000204138",TRUE,FALSE,FALSE,FALSE,FALSE,FALSE,FALSE,FALSE,FALSE,FALSE,FALSE,FALSE,FALSE,FALSE,FALSE,FALSE,FALSE,FALSE,FALSE,FALSE,FALSE,FALSE,FALSE,FALSE,TRUE,FALSE,FALSE,FALSE,FALSE,FALSE,TRUE,FALSE,FALSE,FALSE,FALSE,FALSE,FALSE,FALSE,FALSE,3,"SNHG12","SNHG12-PHACTR4","Induced 0-4hr","Same timeframe"
"ENSG00000204713.10","MSTRG.27167","MSTRG.27167-ENSG00000204713.10","Neither",NA,"Bona fide lncRNA","TRIM27","Protein coding","Induced <4hrs","Induced 4-8hrs","<4hrs","4-8hrs",121.58,-121.58,"+","-","Intergenic",123581,"100-200kbp","MSTRG.27167-ENSG00000204713","ENSG00000204713",FALSE,FALSE,FALSE,FALSE,FALSE,FALSE,FALSE,TRUE,TRUE,TRUE,TRUE,TRUE,FALSE,TRUE,TRUE,TRUE,FALSE,FALSE,FALSE,FALSE,TRUE,FALSE,FALSE,FALSE,FALSE,FALSE,FALSE,FALSE,FALSE,FALSE,FALSE,FALSE,FALSE,FALSE,FALSE,FALSE,TRUE,TRUE,TRUE,12,"MSTRG.27167","MSTRG.27167-TRIM27","Induced 0-4hr","Later timeframe"
"ENSG00000204713.10","MSTRG.27169","MSTRG.27169-ENSG00000204713.10","Neither",NA,"Bona fide lncRNA","TRIM27","Protein coding","Induced <4hrs","Induced 4-8hrs","<4hrs","4-8hrs",27.662,-27.662,"-","-","Intergenic",30912,"25-50kbp","MSTRG.27169-ENSG00000204713","ENSG00000204713",FALSE,FALSE,FALSE,FALSE,FALSE,FALSE,FALSE,TRUE,TRUE,TRUE,TRUE,TRUE,TRUE,TRUE,TRUE,TRUE,FALSE,FALSE,FALSE,FALSE,TRUE,TRUE,FALSE,FALSE,FALSE,FALSE,FALSE,FALSE,FALSE,FALSE,FALSE,FALSE,TRUE,TRUE,FALSE,FALSE,TRUE,TRUE,TRUE,16,"MSTRG.27169","MSTRG.27169-TRIM27","Induced 0-4hr","Later timeframe"
"ENSG00000205362.11","ENSG00000260823.1","ENSG00000260823.1-ENSG00000205362.11","Neither","RP11-249C24.10","Bona fide lncRNA","MT1A","Protein coding","Induced <4hrs","Induced <4hrs","<4hrs","<4hrs",27.291,-27.291,"-","+","Intergenic",30587,"25-50kbp","ENSG00000260823.1-ENSG00000205362","ENSG00000205362",TRUE,FALSE,FALSE,FALSE,FALSE,FALSE,FALSE,FALSE,FALSE,FALSE,FALSE,FALSE,FALSE,FALSE,FALSE,FALSE,FALSE,FALSE,FALSE,FALSE,FALSE,FALSE,FALSE,TRUE,TRUE,FALSE,FALSE,FALSE,FALSE,FALSE,FALSE,FALSE,FALSE,FALSE,FALSE,FALSE,FALSE,FALSE,FALSE,3,"RP11-249C24.10","RP11-249C24.10-MT1A","Induced 0-4hr","Same timeframe"
"ENSG00000232040.2","MSTRG.27167","MSTRG.27167-ENSG00000232040.2","Neither",NA,"Bona fide lncRNA","ZBED9","TF","Induced <4hrs","Induced <4hrs","<4hrs","<4hrs",212.706,212.706,"+","-","Intergenic",229324,"200-300kbp","MSTRG.27167-ENSG00000232040","ENSG00000232040",TRUE,FALSE,FALSE,FALSE,FALSE,FALSE,FALSE,FALSE,FALSE,FALSE,FALSE,FALSE,FALSE,FALSE,FALSE,FALSE,FALSE,FALSE,FALSE,FALSE,FALSE,FALSE,FALSE,FALSE,TRUE,FALSE,FALSE,FALSE,FALSE,FALSE,FALSE,FALSE,FALSE,FALSE,FALSE,FALSE,FALSE,FALSE,FALSE,2,"MSTRG.27167","MSTRG.27167-ZBED9","Induced 0-4hr","Same timeframe"
