Motif,Zscore
YBX1_FOS_NFYC_NFYA_NFYB_CEBPZ,14.88466
E2F2_E2F5,10.687128
RELA,8.351156
TBP,6.95234
NRF1,6.856998
MXI1_MYC_MYCN,6.742389
E2F7_E2F1,6.68252
SIX5_SMARCC2_HCFC1,5.785336
TEAD3_TEAD1,5.595047
E2F4,5.151854
E2F3,5.088895
HBP1,5.010719
WRNIP1,4.712014
PATZ1_KLF4,4.574872
EBF1,4.52812
POU2F2_POU3F1,4.470005
SMAD3,4.365225
SRF,4.326539
ZNF384,4.273734
MECP2,4.13391
MAZ_ZNF281_GTF2F1,4.110447
RCOR1_MTA3,4.108538
FOXD1_FOXO1_FOXO6_FOXG1_FOXP1,4.05363
TFAP2C,3.952649
REL,3.82462
IRF2_STAT2_IRF8_IRF1,3.800603
NFKB1,3.799734
ZNF711_TFAP2A_TFAP2D,3.78514
CXXC1,3.727522
SMAD1,3.702807
MYBL2,3.580142
HIC2,3.473271
SREBF2,3.451623
MLX_USF2_USF1_PAX2,3.385453
NFKB2,3.350334
AAGGCAC,3.330777
HSF4,3.325737
NFE2L1,3.321584
IKZF1,3.204621
FOXM1_TBL1XR1,3.203668
ATF4,3.203199
KLF16_SP2,3.182137
EGR3_EGR2,3.152502
NR1I2,3.135761
EZH2,3.126284
SOX3_SOX2,3.124847
FOSL1,3.098128
ATF2_ATF1_ATF3,3.040928
GATA3,3.013838
TLX1_NFIC,3.011363
FOSL2_SMARCC1,2.990369
XBP1,2.860722
MEF2C,2.814986
HOMEZ,2.803048
SP100,2.721535
FOXC1,2.714607
ELF3_EHF,2.709368
RHOXF1,2.693481
NR5A2,2.68698
GMEB1,2.646633
TFAP4_MSC,2.633555
FOXL1,2.613601
IRF9,2.60061
RUNX3_BCL11A,2.595042
NR4A3,2.581077
STAT5A,2.561602
VSX1,2.561256
BACH1_NFE2_NFE2L2,2.544834
WT1_MTF1_ZBTB7B,2.543648
KLF6,2.542844
ZBTB18,2.51551
ETV6,2.505045
GUAAACA,2.502214
MYBL1,2.487885
ATF6,2.487171
TCF3_MYOG,2.47569
PAX5,2.472354
GAGGUAG,2.469935
ZKSCAN1,2.457151
NFATC1,2.443676
FLI1,2.440316
HOXC8,2.415685
BARHL1,2.413008
HIF1A,2.382716
ESRRA_ESR2,2.360223
ETV1_ERF_FEV_ELF1,2.354183
KLF14_SP8,2.352518
RELB,2.352175
LEF1,2.350379
HAND1,2.349709
FIGLA,2.346319
ELF2_GABPA_ELF5,2.341589
GFI1B,2.316922
FOXD3_FOXI1_FOXF1,2.312972
ETV3,2.306174
REST,2.294497
GMEB2,2.272524
ELK4_ETV5_ELK1_ELK3_ELF4,2.268466
GTF2I,2.24408
BPTF,2.234857
CEBPE_CEBPD,2.228246
TBX4,2.212105
TCF21,2.205723
RAD21_SMC3,2.203572
HNF4A,2.201113
POU3F2,2.179862
ZIC3_ZIC4,2.177003
TFAP2B,2.175944
GUGCAAA,2.175117
STAT1_STAT3_BCL6,2.159798
CPEB1,2.147401
TBX21_TBR1,2.132152
AGCACCA,2.129657
HMX1,2.123368
ZNF143,2.110498
NHLH1,2.108898
SP4_PML,2.106246
BATF,2.095058
HOXC12_HOXD12,2.093602
AGUGGUU,2.089076
CUX1,2.088147
PPARA,2.088101
SPIB,2.085968
NR4A2,2.085177
ATF7,2.082104
POU3F3_POU3F4,2.079604
E2F6,2.07634
ZNF652,2.056775
MBD2,2.05153
AHR_ARNT2,2.046677
CEBPG,2.0463
E2F8,2.029044
AACACUG,2.027052
PITX3,2.021667
MZF1,2.016707
CCCUGAG,2.016278
ZIC2_GLI1,2.013502
SMAD4,2.00322
POU5F1_POU2F3,1.999014
FUBP1,1.97931
NKX3-2,1.974233
DDIT3,1.962564
CLOCK,1.952569
FOXO4,1.951616
INSM1,1.947265
CEBPA,1.941994
NFIA,1.939196
NR4A1,1.937688
TBX15_MGA,1.933603
HOXC9,1.927629
NFIL3,1.924236
ARID5A,1.917156
RXRA_NR2F6_NR2C2,1.916617
RXRG,1.91019
TCF12_ASCL2,1.908388
HOXB2_UNCX_HOXD3,1.907128
GAAAUGU,1.893131
ZFX,1.890628
GFI1,1.876224
MAFK,1.875088
SIN3A_CHD1,1.873556
FOSB,1.871108
PBX3,1.863906
NR2C1,1.860058
EP300,1.858366
UACAGUA,1.856556
TBX3,1.855906
IRX5,1.853862
YY1_YY2,1.852684
ZBTB16,1.848577
EOMES,1.838499
CREB1,1.835474
GLI3,1.834966
NFIX_NFIB,1.812794
GGCUCAG,1.806834
POU2F1,1.804972
ZIC1,1.804551
IRF3,1.80373
SOX14,1.801099
GGCAGUG,1.788266
ZBTB33_CHD2,1.780014
UCACAGU,1.779506
CAGUAGU,1.776117
SHOX2_HOXC5,1.770312
ID4_TCF4_SNAI2,1.757962
JUND,1.736692
NKX3-1,1.735123
SP1,1.730998
ISL1,1.730186
SIX6,1.729321
HNF1A_HNF1B,1.724878
VDR,1.722496
SREBF1_TFE3,1.712966
DLX1_HOXA3_BARX2,1.71278
SMAD2,1.712622
FOXO3_FOXD2,1.70778
TBX20,1.702284
HSFY2,1.70047
IRF7,1.683637
TP73,1.683403
NR2E3,1.679632
RFX7_RFX4_RFX1,1.662066
GUAGUGU,1.653165
HIVEP1,1.650334
CTCF_CTCFL,1.650269
PITX1,1.647905
TBX19,1.641077
TFDP1,1.638135
ARNT,1.626087
HMBOX1,1.625204
NKX2-4,1.615198
KLF12,1.613413
NR1I3,1.61029
MESP1,1.605479
HMGA1,1.594028
SPIC,1.58421
MYB,1.579147
SOX4,1.576243
UGCAUAG,1.567587
TFCP2,1.565126
TCF7,1.558535
NFATC2_NFATC3,1.54553
THRA_RXRB,1.540735
NR2E1,1.530885
TBX5,1.528775
KLF8,1.521273
PRDM1,1.515075
UGGUCCC,1.514385
ZNF232,1.508805
ZNF8,1.507384
DLX3_EVX1_MEOX1,1.500522
NR3C1,1.497117
HOXD9,1.493092
SOX5,1.492889
UCACAUU,1.492032
LHX8,1.490997
UCCAGUU,1.490239
UAUUGCU,1.488782
AAGUGCU,1.487584
NKX6-2,1.484259
FOXN1,1.482345
JUN,1.478125
UUGGCAA,1.475341
ZBTB14,1.475313
NKX1-1,1.471185
NR2F1,1.468445
GLIS2,1.465245
MAX_TFEB,1.461632
TEAD4,1.457655
PAX1_PAX9,1.454416
HOXB6_PRRX2,1.454344
CREB3L2,1.451443
CCAGUGU,1.442293
NR1D1,1.441326
ESRRB_ESRRG,1.439108
ZNF423,1.436428
NKX1-2_RAX,1.436173
ZBTB6,1.435091
HESX1,1.434519
TAL1,1.421046
NFATC4,1.418607
ONECUT2_ONECUT3,1.417684
ETV4_ETS2,1.413988
ZNF524,1.409961
CACAGUG,1.405888
ERG,1.403796
CAGUAAC,1.402693
SOX21,1.402463
ISX,1.395745
GATA2,1.393704
KLF1,1.389224
ZNF740_ZNF219,1.388365
HOXA5,1.387294
HOXA9,1.385119
MAF_NRL,1.383556
AGGUAGU,1.381901
AGCUGCC,1.378406
RFX3_RFX2,1.376187
KLF3,1.375504
HOXA13,1.371872
PLAGL1,1.358476
ZBTB4,1.358355
CUGGCUG,1.353763
HMGA2,1.353398
GCM2,1.353041
HES7_HES5,1.35091
HNF4G,1.350627
ACAGUAU,1.341803
AGUGCAA,1.340777
UGAAAUG,1.340484
PPARG,1.327224
MLXIPL,1.325782
AUAAAGU,1.325125
UBP1,1.323074
SOX18,1.322447
AUGGCAC,1.321151
ACAUUCA,1.31642
HLF_TEF,1.314316
IRX3,1.311542
MECOM,1.311327
EN2_GBX2_LBX2,1.306158
E4F1,1.290714
ZEB1,1.28572
MEF2B,1.282397
AUGGCUU,1.281256
FOXK1_FOXP2_FOXB1_FOXP3,1.271506
TP63,1.269073
HOXB3,1.265947
AAAGUGC,1.256738
ZSCAN4,1.25166
TP53,1.241117
PROX1,1.236096
DBX2_HLX,1.234683
HOXB5,1.224392
NR1H4,1.224022
POU6F1,1.222584
POU4F1_POU4F3,1.209421
HOXA1,1.207857
SIX1_SIX3_SIX2,1.202126
HOXD10,1.201209
MEIS1,1.198395
IKZF2,1.194592
UAGUGUU,1.194093
TBX1,1.193543
AGUGCUU,1.189463
STAT4,1.180725
HINFP,1.178717
NR0B1,1.178082
VENTX,1.17663
ESR1,1.162131
IRX2,1.157738
DMC1,1.15629
SHOX,1.148173
SOX17,1.13948
SOX10_SOX15,1.135776
STAT5B,1.131451
RBPJ,1.131244
FOXJ2,1.130194
AAUACUG,1.126552
AR_NR3C2,1.123789
NOTO_VSX2_DLX2_DLX6_NKX6-1,1.121856
ZNF410,1.121766
PAX3,1.121542
ALX1_ARX,1.119419
HOXA6,1.117901
RARB,1.117738
HOXA10_HOXB9,1.113074
PAX6,1.106596
AGCCCUU,1.105602
GATA1_GATA4,1.101067
HMX2,1.100292
MYF6,1.096713
THRB,1.092569
CREB3L1_CREB3,1.084718
BARHL2,1.083584
ARID3A,1.082985
PRDM14,1.081169
FOXA1,1.078979
EBF3,1.075597
CDX2,1.074615
GCUGGUG,1.073547
HINFP1,1.0673
AIRE,1.064934
EPAS1_BCL3,1.062064
PPARD,1.057563
JDP2,1.054691
VAX1_GSX2,1.052619
EGR1_EGR4,1.050365
AGCAGCA,1.044839
POU4F2,1.042697
HSF2,1.041807
UGUGCUU,1.040942
SIX4,1.0354
MIXL1_GSX1_BSX_MEOX2_LHX4,1.034414
OLIG2_NEUROD1_ATOH1,1.024871
CENPB,1.024472
HOXD4,1.024194
PLAG1,1.018089
SOX8,1.014177
RUNX1_RUNX2,1.005944
GCUACAU,1.003815
DUXA,1.00069
ZNF784,0.999873
RREB1,0.994276
CUUUGGU,0.99344
AACAGUC,0.985444
LHX6,0.983148
TLX2,0.980585
GAGAUGA,0.977616
PBX1,0.977175
CDX1,0.977163
DPRX,0.968027
ZNF691,0.965592
TGIF1,0.964708
UAAUGCU,0.963683
BARX1,0.963599
HOXC10_HOXD13,0.960883
MAFB,0.958025
PRRX1_ALX4_PHOX2A,0.955021
ZBTB12,0.953201
ETV7,0.95079
CCUUCAU,0.947093
IRF6_IRF4_IRF5,0.944316
TCF7L2,0.943862
ZBTB7A_ZBTB7C,0.94234
GUCAGUU,0.937177
NKX2-2,0.935384
BATF3,0.935365
HIC1,0.935185
KLF13,0.933069
EMX2,0.931767
CUX2,0.931155
EVX2,0.926814
SOX7,0.922121
TFAP2E,0.916787
MEF2D_MEF2A,0.916035
ZNF263,0.915864
BACH2,0.915228
GLI2,0.91174
GRHL1,0.91103
TWIST1_SNAI1,0.910576
SOX13_SOX12,0.907402
NR2F2,0.905826
MAFA,0.896811
POU1F1,0.895155
HOXB7,0.894839
ZKSCAN3,0.894733
HDX,0.893085
ONECUT1,0.891123
PGR,0.889283
GSC_GSC2,0.885055
NANOG,0.883371
NKX6-3,0.883252
NKX2-3,0.882795
PITX2,0.881194
KLF7,0.880133
T,0.877948
NFAT5,0.869426
ZNF333,0.868209
PAX8,0.862154
LHX3,0.861442
ATF5,0.86051
OTP_PHOX2B_LHX1_LMX1A_LHX5_HOXC4,0.859808
ZNF274,0.85753
HOXD11_HOXA11,0.847762
DLX4_HOXD8,0.846072
TFEC_MITF_ARNTL_BHLHE41,0.834007
AAGGUGC,0.833482
MSX2,0.831807
HOXC11,0.831801
SP3,0.829917
ZBTB49,0.820292
ACUGGCC,0.819684
CBFB,0.81633
NKX2-1,0.815403
NKX2-5,0.8151
MEIS3_TGIF2LX,0.814882
GGAAGAC,0.813036
TCF7L1,0.810225
GATA5,0.810169
TFCP2L1,0.805221
ZNF35,0.803564
BHLHE22_BHLHA15_BHLHE23,0.798882
HOXB13,0.798636
TBX2,0.798031
AGCUUAU,0.797189
OSR1_OSR2,0.795587
MSX1,0.795377
ACAGUAC,0.789898
DLX5,0.789774
NR6A1,0.78722
MAFF_MAFG,0.782993
GCM1,0.776907
TAF1,0.775528
OTX2_CRX,0.769884
NR1H2,0.768666
SRY,0.747921
ZNF148,0.746015
HOXB8,0.745762
MYOD1,0.74262
ZBED1,0.740189
OLIG3_NEUROD2_NEUROG2,0.736597
HOXC13,0.733915
HOXB4_LHX9,0.732896
ZBTB3,0.727989
GCAGCAU,0.726201
CDC5L,0.722988
IRX6_IRX4,0.722928
PBX2,0.722487
UAAGGCA,0.72015
ALX3,0.716553
HOXA4,0.705999
ISL2,0.705565
HOXA2_HOXB1,0.703912
SOX6,0.695985
AUUGCAC,0.690458
AAUGCCC,0.690171
UAAGACG,0.684165
SOX9,0.682463
MNT_HEY1_HEY2,0.680444
BCL6B,0.674245
PAX7_NOBOX,0.662919
GAUUGUC,0.648573
SPI1,0.646812
SOX11,0.6455
EMX1,0.640543
GGCAAGA,0.634332
CAGUGCA,0.633976
HES1,0.632477
UUGGCAC,0.630731
UCAAGUA,0.63071
GLIS3,0.615277
GGAAUGU,0.604629
AGCAGCG,0.603685
ACCCUGU,0.59997
BBX,0.599692
POU6F2,0.596519
CCACAGG,0.589762
CAGUCCA,0.58195
FOXA3_FOXC2,0.576662
LMX1B_MNX1_RAX2,0.568416
GZF1,0.567519
ZNF350,0.561975
DMBX1,0.561885
ZNF282,0.557547
ARID5B,0.557029
DBP,0.54964
SOX1,0.543608
SPDEF,0.531959
HMX3,0.53104
GUAACAG,0.528731
FOXQ1,0.528146
ZFHX3,0.521659
GATA6,0.516347
AUGUGCC,0.514003
CEBPB,0.512629
FOXA2_FOXJ3,0.509419
RARA,0.508945
ETV2,0.504649
RARG,0.502209
HOXD1,0.501633
BRCA1,0.491824
ACUGCAU,0.483517
UAAGACU,0.47688
HSF1,0.467172
LHX2,0.463531
UUGGUCC,0.456356
CREB5_CREM_JUNB,0.455788
ACCACAG,0.454307
KLF15,0.449151
MEIS2,0.447846
NKX2-6,0.442493
PTF1A,0.440554
PAX4,0.438524
EN1_ESX1_GBX1,0.427983
UGACAUC,0.42786
GAUAUGU,0.427791
FOXF2_FOXJ1,0.421349
PRDM4,0.418205
UGCAGUC,0.41511
DRGX_PROP1,0.412105
RFX5,0.40247
CCAGCAU,0.387293
UUGUUCG,0.381748
UGGCACU,0.377391
STAT6,0.373083
CACCUCC,0.370051
SCRT1_SCRT2,0.366112
PDX1,0.362715
HOXC6_HOXA7,0.353042
RORC,0.35202
OTX1,0.34447
VAX2_RHOXF2,0.33857
RORA,0.326066
OLIG1,0.320894
BHLHE40,0.312286
AAUCUCU,0.308997
GLIS1,0.308584
PKNOX2,0.308502
CUACAGU,0.292312
AACCUGG,0.290291
PKNOX1_TGIF2,0.287869
GCCUGUC,0.284888
GGAGUGU,0.281791
CGUACCG,0.268698
UGCAUUG,0.26829
CCUUGGC,0.253199
ETS1,0.253055
SOX30,0.226825
GGACGGA,0.225225
AACGGAA,0.217618
OVOL1,0.175164
UCCCUUU,0.172737
NKX2-8,0.16297
UGACCUA,0.156203
GAGAACU,0.14331
AUGACAC,0.126342
GAUCAGA,0.114848
AAUCUCA,0.112271
CGUGUCU,0.100041
UGUGCGU,0.097536
AGAUCAG,0.095626
UUUUUGC,0.078911
AACCGUU,0.052517
ACCCGUA,0.025219
GUACCGU,0.014782
